Date,Timestamp ,Value
18-May,20200518480,25363
18-May,20200518479,25344
18-May,20200518478,25347
18-May,20200518477,25356
18-May,20200518476,25342
18-May,20200518475,25339
18-May,20200518474,25355
18-May,20200518473,25369
18-May,20200518472,25364
18-May,20200518471,25375
18-May,20200518470,25379
18-May,20200518469,25380
18-May,20200518468,25384
18-May,20200518467,25382
18-May,20200518466,25372
18-May,20200518465,25373
18-May,20200518464,25360
18-May,20200518463,25361
18-May,20200518462,25355
18-May,20200518461,25342
18-May,20200518460,25341
18-May,20200518459,25329
18-May,20200518458,25348
18-May,20200518457,25349
18-May,20200518456,25354
18-May,20200518455,25356
18-May,20200518454,25368
18-May,20200518453,25365
18-May,20200518452,25361
18-May,20200518451,25340
19-May,20200519480,25819
19-May,20200519479,25806
19-May,20200519478,25819
19-May,20200519477,25810
19-May,20200519476,25811
19-May,20200519475,25819
19-May,20200519474,25808
19-May,20200519473,25805
19-May,20200519472,25816
19-May,20200519471,25807
19-May,20200519470,25796
19-May,20200519469,25807
19-May,20200519468,25806
19-May,20200519467,25800
19-May,20200519466,25798
19-May,20200519465,25790
19-May,20200519464,25780
19-May,20200519463,25775
19-May,20200519462,25778
19-May,20200519461,25760
19-May,20200519460,25753
19-May,20200519459,25757
19-May,20200519458,25761
19-May,20200519457,25762
19-May,20200519456,25770
19-May,20200519455,25773
19-May,20200519454,25775
19-May,20200519453,25774
19-May,20200519452,25760
19-May,20200519451,25779
19-May,20200519450,25788
19-May,20200519449,25782
19-May,20200519448,25767
19-May,20200519447,25767
19-May,20200519446,25776
19-May,20200519445,25773
19-May,20200519444,25761
19-May,20200519443,25757
19-May,20200519442,25750
19-May,20200519441,25758
19-May,20200519440,25742
19-May,20200519439,25745
19-May,20200519438,25725
19-May,20200519437,25736
19-May,20200519436,25749
19-May,20200519435,25740
19-May,20200519434,25734
19-May,20200519433,25727
19-May,20200519432,25744
19-May,20200519431,25735
19-May,20200519430,25730
19-May,20200519429,25744
19-May,20200519428,25747
19-May,20200519427,25733
19-May,20200519426,25711
19-May,20200519425,25705
19-May,20200519424,25714
19-May,20200519423,25717
19-May,20200519422,25715
19-May,20200519421,25701
19-May,20200519420,25716
19-May,20200519419,25710
19-May,20200519418,25722
19-May,20200519417,25723
19-May,20200519416,25717
19-May,20200519415,25729
19-May,20200519414,25732
19-May,20200519413,25721
19-May,20200519412,25703
19-May,20200519411,25703
19-May,20200519410,25699
19-May,20200519409,25695
19-May,20200519408,25690
19-May,20200519407,25675
19-May,20200519406,25682
19-May,20200519405,25676
19-May,20200519404,25685
19-May,20200519403,25695
19-May,20200519402,25693
19-May,20200519401,25706
19-May,20200519400,25706
19-May,20200519399,25701
19-May,20200519398,25694
19-May,20200519397,25698
19-May,20200519396,25715
19-May,20200519395,25718
19-May,20200519394,25714
19-May,20200519393,25709
19-May,20200519392,25720
19-May,20200519391,25714
19-May,20200519390,25714
19-May,20200519389,25700
19-May,20200519388,25693
19-May,20200519387,25698
19-May,20200519386,25692
19-May,20200519385,25695
19-May,20200519384,25694
19-May,20200519383,25687
19-May,20200519382,25687
19-May,20200519381,25680
19-May,20200519380,25686
19-May,20200519379,25683
19-May,20200519378,25684
19-May,20200519377,25674
19-May,20200519376,25682
19-May,20200519375,25685
19-May,20200519374,25697
19-May,20200519373,25692
19-May,20200519372,25697
19-May,20200519371,25696
19-May,20200519370,25691
19-May,20200519369,25694
19-May,20200519368,25692
19-May,20200519367,25700
19-May,20200519366,25694
19-May,20200519365,25696
19-May,20200519364,25703
19-May,20200519363,25713
19-May,20200519362,25719
19-May,20200519361,25715
19-May,20200519360,25707
19-May,20200519359,25713
19-May,20200519358,25718
19-May,20200519357,25719
19-May,20200519356,25712
19-May,20200519355,25721
19-May,20200519354,25720
19-May,20200519353,25710
19-May,20200519352,25713
19-May,20200519351,25702
19-May,20200519350,25714
19-May,20200519349,25712
19-May,20200519348,25712
19-May,20200519347,25700
19-May,20200519346,25694
19-May,20200519345,25697
19-May,20200519344,25698
19-May,20200519343,25697
19-May,20200519342,25687
19-May,20200519341,25688
19-May,20200519340,25694
19-May,20200519339,25685
19-May,20200519338,25697
19-May,20200519337,25680
19-May,20200519336,25672
19-May,20200519335,25670
19-May,20200519334,25662
19-May,20200519333,25650
19-May,20200519332,25656
19-May,20200519331,25660
19-May,20200519330,25654
19-May,20200519329,25666
19-May,20200519328,25678
19-May,20200519327,25664
19-May,20200519326,25671
19-May,20200519325,25662
19-May,20200519324,25676
19-May,20200519323,25675
19-May,20200519322,25674
19-May,20200519321,25683
19-May,20200519320,25675
19-May,20200519319,25672
19-May,20200519318,25650
19-May,20200519317,25640
19-May,20200519316,25639
19-May,20200519315,25638
19-May,20200519314,25620
19-May,20200519313,25627
19-May,20200519312,25626
19-May,20200519311,25628
19-May,20200519310,25627
19-May,20200519309,25639
19-May,20200519308,25640
19-May,20200519307,25622
19-May,20200519306,25620
19-May,20200519305,25625
19-May,20200519304,25625
19-May,20200519303,25620
19-May,20200519302,25606
19-May,20200519301,25605
19-May,20200519300,25615
19-May,20200519299,25613
19-May,20200519298,25612
19-May,20200519297,25614
19-May,20200519296,25609
19-May,20200519295,25601
19-May,20200519294,25581
19-May,20200519293,25580
19-May,20200519292,25570
19-May,20200519291,25573
19-May,20200519290,25588
19-May,20200519289,25593
19-May,20200519288,25579
19-May,20200519287,25577
19-May,20200519286,25571
19-May,20200519285,25564
19-May,20200519284,25561
19-May,20200519283,25562
19-May,20200519282,25564
19-May,20200519281,25573
19-May,20200519280,25577
19-May,20200519279,25574
19-May,20200519278,25579
19-May,20200519277,25580
19-May,20200519276,25570
19-May,20200519275,25561
19-May,20200519274,25560
19-May,20200519273,25565
19-May,20200519272,25568
19-May,20200519271,25574
19-May,20200519270,25567
19-May,20200519269,25564
19-May,20200519268,25542
19-May,20200519267,25543
19-May,20200519266,25548
19-May,20200519265,25532
19-May,20200519264,25545
19-May,20200519263,25559
19-May,20200519262,25554
19-May,20200519261,25551
19-May,20200519260,25541
19-May,20200519259,25543
19-May,20200519258,25546
19-May,20200519257,25543
19-May,20200519256,25544
19-May,20200519255,25549
19-May,20200519254,25545
19-May,20200519253,25542
19-May,20200519252,25543
19-May,20200519251,25556
19-May,20200519250,25569
19-May,20200519249,25553
19-May,20200519248,25546
19-May,20200519247,25569
19-May,20200519246,25569
19-May,20200519245,25565
19-May,20200519244,25568
19-May,20200519243,25552
19-May,20200519242,25567
19-May,20200519241,25563
19-May,20200519240,25554
19-May,20200519239,25535
19-May,20200519238,25531
19-May,20200519237,25537
19-May,20200519236,25529
19-May,20200519235,25542
19-May,20200519234,25538
19-May,20200519233,25534
19-May,20200519232,25520
19-May,20200519231,25521
19-May,20200519230,25533
19-May,20200519229,25531
19-May,20200519228,25516
19-May,20200519227,25516
19-May,20200519226,25508
19-May,20200519225,25516
19-May,20200519224,25503
19-May,20200519223,25515
19-May,20200519222,25503
19-May,20200519221,25492
19-May,20200519220,25491
19-May,20200519219,25491
19-May,20200519218,25482
19-May,20200519217,25478
19-May,20200519216,25478
19-May,20200519215,25472
19-May,20200519214,25464
19-May,20200519213,25450
19-May,20200519212,25457
19-May,20200519211,25461
19-May,20200519210,25462
19-May,20200519209,25463
19-May,20200519208,25464
19-May,20200519207,25470
19-May,20200519206,25464
19-May,20200519205,25479
19-May,20200519204,25472
19-May,20200519203,25463
19-May,20200519202,25450
19-May,20200519201,25453
19-May,20200519200,25459
19-May,20200519199,25454
19-May,20200519198,25462
19-May,20200519197,25440
19-May,20200519196,25432
19-May,20200519195,25448
19-May,20200519194,25443
19-May,20200519193,25457
19-May,20200519192,25455
19-May,20200519191,25440
19-May,20200519190,25438
19-May,20200519189,25435
19-May,20200519188,25458
19-May,20200519187,25453
19-May,20200519186,25475
19-May,20200519185,25477
19-May,20200519184,25467
19-May,20200519183,25472
19-May,20200519182,25479
19-May,20200519181,25476
19-May,20200519180,25473
19-May,20200519179,25487
19-May,20200519178,25491
19-May,20200519177,25497
19-May,20200519176,25471
19-May,20200519175,25469
19-May,20200519174,25478
19-May,20200519173,25473
19-May,20200519172,25467
19-May,20200519171,25460
19-May,20200519170,25443
19-May,20200519169,25434
19-May,20200519168,25428
19-May,20200519167,25428
19-May,20200519166,25423
19-May,20200519165,25411
19-May,20200519164,25414
19-May,20200519163,25409
19-May,20200519162,25400
19-May,20200519161,25394
19-May,20200519160,25384
19-May,20200519159,25377
19-May,20200519158,25364
19-May,20200519157,25365
19-May,20200519156,25353
19-May,20200519155,25364
19-May,20200519154,25388
19-May,20200519153,25408
19-May,20200519152,25416
19-May,20200519151,25415
19-May,20200519150,25428
19-May,20200519149,25415
19-May,20200519148,25410
19-May,20200519147,25402
19-May,20200519146,25399
19-May,20200519145,25409
19-May,20200519144,25415
19-May,20200519143,25390
19-May,20200519142,25385
19-May,20200519141,25379
19-May,20200519140,25370
19-May,20200519139,25379
19-May,20200519138,25386
19-May,20200519137,25376
19-May,20200519136,25372
19-May,20200519135,25374
19-May,20200519134,25369
19-May,20200519133,25362
19-May,20200519132,25363
19-May,20200519131,25359
19-May,20200519130,25355
19-May,20200519129,25356
19-May,20200519128,25340
19-May,20200519127,25350
19-May,20200519126,25348
19-May,20200519125,25341
19-May,20200519124,25349
19-May,20200519123,25347
19-May,20200519122,25339
19-May,20200519121,25359
19-May,20200519120,25367
19-May,20200519119,25365
19-May,20200519118,25378
19-May,20200519117,25380
19-May,20200519116,25384
19-May,20200519115,25382
19-May,20200519114,25367
19-May,20200519113,25374
19-May,20200519112,25376
19-May,20200519111,25373
19-May,20200519110,25368
19-May,20200519109,25350
19-May,20200519108,25351
19-May,20200519107,25350
19-May,20200519106,25340
19-May,20200519105,25330
19-May,20200519104,25322
19-May,20200519103,25323
19-May,20200519102,25325
19-May,20200519101,25334
19-May,20200519100,25358
19-May,20200519099,25367
19-May,20200519098,25366
19-May,20200519097,25369
19-May,20200519096,25361
19-May,20200519095,25362
19-May,20200519094,25361
19-May,20200519093,25378
19-May,20200519092,25374
19-May,20200519091,25363
19-May,20200519090,25360
19-May,20200519089,25361
19-May,20200519088,25362
19-May,20200519087,25359
19-May,20200519086,25365
19-May,20200519085,25366
19-May,20200519084,25371
19-May,20200519083,25370
19-May,20200519082,25378
19-May,20200519081,25379
19-May,20200519080,25369
19-May,20200519079,25376
19-May,20200519078,25388
19-May,20200519077,25393
19-May,20200519076,25398
19-May,20200519075,25390
19-May,20200519074,25399
19-May,20200519073,25398
19-May,20200519072,25393
19-May,20200519071,25397
19-May,20200519070,25373
19-May,20200519069,25378
19-May,20200519068,25385
19-May,20200519067,25391
19-May,20200519066,25387
19-May,20200519065,25394
19-May,20200519064,25419
19-May,20200519063,25412
19-May,20200519062,25401
19-May,20200519061,25397
19-May,20200519060,25392
19-May,20200519059,25399
19-May,20200519058,25383
19-May,20200519057,25381
19-May,20200519056,25372
19-May,20200519055,25370
19-May,20200519054,25369
19-May,20200519053,25362
19-May,20200519052,25357
19-May,20200519051,25343
19-May,20200519050,25330
19-May,20200519049,25325
19-May,20200519048,25336
19-May,20200519047,25325
19-May,20200519046,25328
19-May,20200519045,25328
19-May,20200519044,25335
19-May,20200519043,25339
19-May,20200519042,25332
19-May,20200519041,25332
19-May,20200519040,25313
19-May,20200519039,25320
19-May,20200519038,25315
19-May,20200519037,25309
19-May,20200519036,25315
19-May,20200519035,25310
19-May,20200519034,25316
19-May,20200519033,25323
19-May,20200519032,25326
19-May,20200519031,25331
19-May,20200519030,25345
19-May,20200519029,25336
19-May,20200519028,25322
19-May,20200519027,25310
19-May,20200519026,25306
19-May,20200519025,25321
19-May,20200519024,25323
19-May,20200519023,25314
19-May,20200519022,25325
19-May,20200519021,25301
19-May,20200519020,25290
19-May,20200519019,25305
19-May,20200519018,25310
19-May,20200519017,25302
19-May,20200519016,25306
19-May,20200519015,25307
19-May,20200519014,25307
19-May,20200519013,25312
19-May,20200519012,25319
19-May,20200519011,25310
19-May,20200519010,25329
19-May,20200519009,25326
19-May,20200519008,25328
19-May,20200519007,25332
19-May,20200519006,25343
19-May,20200519005,25325
19-May,20200519004,25339
19-May,20200519003,25342
19-May,20200519002,25344
19-May,20200519001,25346
20-May,20200520480,26092
20-May,20200520479,26092
20-May,20200520478,26107
20-May,20200520477,26111
20-May,20200520476,26111
20-May,20200520475,26107
20-May,20200520474,26109
20-May,20200520473,26119
20-May,20200520472,26128
20-May,20200520471,26121
20-May,20200520470,26124
20-May,20200520469,26105
20-May,20200520468,26100
20-May,20200520467,26109
20-May,20200520466,26093
20-May,20200520465,26083
20-May,20200520464,26077
20-May,20200520463,26079
20-May,20200520462,26086
20-May,20200520461,26091
20-May,20200520460,26073
20-May,20200520459,26076
20-May,20200520458,26074
20-May,20200520457,26077
20-May,20200520456,26070
20-May,20200520455,26077
20-May,20200520454,26065
20-May,20200520453,26069
20-May,20200520452,26071
20-May,20200520451,26065
20-May,20200520450,26068
20-May,20200520449,26064
20-May,20200520448,26070
20-May,20200520447,26050
20-May,20200520446,26054
20-May,20200520445,26067
20-May,20200520444,26073
20-May,20200520443,26080
20-May,20200520442,26085
20-May,20200520441,26087
20-May,20200520440,26088
20-May,20200520439,26081
20-May,20200520438,26073
20-May,20200520437,26078
20-May,20200520436,26074
20-May,20200520435,26062
20-May,20200520434,26066
20-May,20200520433,26068
20-May,20200520432,26073
20-May,20200520431,26072
20-May,20200520430,26068
20-May,20200520429,26055
20-May,20200520428,26033
20-May,20200520427,26035
20-May,20200520426,26020
20-May,20200520425,26036
20-May,20200520424,26025
20-May,20200520423,26022
20-May,20200520422,26029
20-May,20200520421,26038
20-May,20200520420,26042
20-May,20200520419,26025
20-May,20200520418,26025
20-May,20200520417,26012
20-May,20200520416,26001
20-May,20200520415,25995
20-May,20200520414,25996
20-May,20200520413,26019
20-May,20200520412,26016
20-May,20200520411,26006
20-May,20200520410,26000
20-May,20200520409,25983
20-May,20200520408,25975
20-May,20200520407,25972
20-May,20200520406,25972
20-May,20200520405,25970
20-May,20200520404,25973
20-May,20200520403,25977
20-May,20200520402,25972
20-May,20200520401,25970
20-May,20200520400,25972
20-May,20200520399,25987
20-May,20200520398,25976
20-May,20200520397,25970
20-May,20200520396,25964
20-May,20200520395,25965
20-May,20200520394,25963
20-May,20200520393,25963
20-May,20200520392,25953
20-May,20200520391,25948
20-May,20200520390,25948
20-May,20200520389,25952
20-May,20200520388,25960
20-May,20200520387,25959
20-May,20200520386,25949
20-May,20200520385,25950
20-May,20200520384,25946
20-May,20200520383,25945
20-May,20200520382,25939
20-May,20200520381,25935
20-May,20200520380,25928
20-May,20200520379,25929
20-May,20200520378,25942
20-May,20200520377,25947
20-May,20200520376,25947
20-May,20200520375,25945
20-May,20200520374,25952
20-May,20200520373,25967
20-May,20200520372,25972
20-May,20200520371,25964
20-May,20200520370,25946
20-May,20200520369,25956
20-May,20200520368,25967
20-May,20200520367,25987
20-May,20200520366,25977
20-May,20200520365,25976
20-May,20200520364,25978
20-May,20200520363,25975
20-May,20200520362,25964
20-May,20200520361,25956
20-May,20200520360,25945
20-May,20200520359,25948
20-May,20200520358,25944
20-May,20200520357,25932
20-May,20200520356,25946
20-May,20200520355,25931
20-May,20200520354,25920
20-May,20200520353,25912
20-May,20200520352,25916
20-May,20200520351,25913
20-May,20200520350,25918
20-May,20200520349,25911
20-May,20200520348,25914
20-May,20200520347,25928
20-May,20200520346,25926
20-May,20200520345,25939
20-May,20200520344,25926
20-May,20200520343,25938
20-May,20200520342,25934
20-May,20200520341,25924
20-May,20200520340,25921
20-May,20200520339,25919
20-May,20200520338,25923
20-May,20200520337,25918
20-May,20200520336,25924
20-May,20200520335,25922
20-May,20200520334,25922
20-May,20200520333,25919
20-May,20200520332,25920
20-May,20200520331,25917
20-May,20200520330,25917
20-May,20200520329,25929
20-May,20200520328,25928
20-May,20200520327,25922
20-May,20200520326,25912
20-May,20200520325,25925
20-May,20200520324,25929
20-May,20200520323,25946
20-May,20200520322,25959
20-May,20200520321,25966
20-May,20200520320,25962
20-May,20200520319,25965
20-May,20200520318,25950
20-May,20200520317,25942
20-May,20200520316,25946
20-May,20200520315,25940
20-May,20200520314,25945
20-May,20200520313,25947
20-May,20200520312,25947
20-May,20200520311,25936
20-May,20200520310,25929
20-May,20200520309,25922
20-May,20200520308,25919
20-May,20200520307,25908
20-May,20200520306,25905
20-May,20200520305,25891
20-May,20200520304,25880
20-May,20200520303,25888
20-May,20200520302,25895
20-May,20200520301,25903
20-May,20200520300,25883
20-May,20200520299,25882
20-May,20200520298,25866
20-May,20200520297,25852
20-May,20200520296,25859
20-May,20200520295,25845
20-May,20200520294,25853
20-May,20200520293,25844
20-May,20200520292,25836
20-May,20200520291,25826
20-May,20200520290,25815
20-May,20200520289,25821
20-May,20200520288,25817
20-May,20200520287,25811
20-May,20200520286,25811
20-May,20200520285,25818
20-May,20200520284,25817
20-May,20200520283,25817
20-May,20200520282,25813
20-May,20200520281,25824
20-May,20200520280,25828
20-May,20200520279,25823
20-May,20200520278,25849
20-May,20200520277,25852
20-May,20200520276,25857
20-May,20200520275,25866
20-May,20200520274,25865
20-May,20200520273,25855
20-May,20200520272,25851
20-May,20200520271,25840
20-May,20200520270,25843
20-May,20200520269,25841
20-May,20200520268,25856
20-May,20200520267,25864
20-May,20200520266,25860
20-May,20200520265,25868
20-May,20200520264,25863
20-May,20200520263,25870
20-May,20200520262,25867
20-May,20200520261,25875
20-May,20200520260,25864
20-May,20200520259,25866
20-May,20200520258,25867
20-May,20200520257,25866
20-May,20200520256,25849
20-May,20200520255,25856
20-May,20200520254,25863
20-May,20200520253,25860
20-May,20200520252,25853
20-May,20200520251,25857
20-May,20200520250,25851
20-May,20200520249,25849
20-May,20200520248,25853
20-May,20200520247,25851
20-May,20200520246,25841
20-May,20200520245,25845
20-May,20200520244,25831
20-May,20200520243,25821
20-May,20200520242,25828
20-May,20200520241,25836
20-May,20200520240,25834
20-May,20200520239,25838
20-May,20200520238,25832
20-May,20200520237,25829
20-May,20200520236,25826
20-May,20200520235,25827
20-May,20200520234,25810
20-May,20200520233,25810
20-May,20200520232,25796
20-May,20200520231,25798
20-May,20200520230,25791
20-May,20200520229,25804
20-May,20200520228,25807
20-May,20200520227,25818
20-May,20200520226,25817
20-May,20200520225,25821
20-May,20200520224,25820
20-May,20200520223,25810
20-May,20200520222,25811
20-May,20200520221,25810
20-May,20200520220,25800
20-May,20200520219,25795
20-May,20200520218,25804
20-May,20200520217,25818
20-May,20200520216,25823
20-May,20200520215,25842
20-May,20200520214,25828
20-May,20200520213,25842
20-May,20200520212,25849
20-May,20200520211,25855
20-May,20200520210,25841
20-May,20200520209,25821
20-May,20200520208,25831
20-May,20200520207,25825
20-May,20200520206,25828
20-May,20200520205,25821
20-May,20200520204,25807
20-May,20200520203,25796
20-May,20200520202,25790
20-May,20200520201,25781
20-May,20200520200,25793
20-May,20200520199,25784
20-May,20200520198,25771
20-May,20200520197,25786
20-May,20200520196,25790
20-May,20200520195,25791
20-May,20200520194,25787
20-May,20200520193,25777
20-May,20200520192,25789
20-May,20200520191,25789
20-May,20200520190,25791
20-May,20200520189,25786
20-May,20200520188,25783
20-May,20200520187,25795
20-May,20200520186,25781
20-May,20200520185,25780
20-May,20200520184,25777
20-May,20200520183,25772
20-May,20200520182,25761
20-May,20200520181,25768
20-May,20200520180,25779
20-May,20200520179,25774
20-May,20200520178,25769
20-May,20200520177,25758
20-May,20200520176,25763
20-May,20200520175,25756
20-May,20200520174,25744
20-May,20200520173,25751
20-May,20200520172,25752
20-May,20200520171,25757
20-May,20200520170,25758
20-May,20200520169,25753
20-May,20200520168,25754
20-May,20200520167,25757
20-May,20200520166,25750
20-May,20200520165,25744
20-May,20200520164,25739
20-May,20200520163,25744
20-May,20200520162,25741
20-May,20200520161,25746
20-May,20200520160,25745
20-May,20200520159,25748
20-May,20200520158,25755
20-May,20200520157,25752
20-May,20200520156,25747
20-May,20200520155,25744
20-May,20200520154,25749
20-May,20200520153,25741
20-May,20200520152,25730
20-May,20200520151,25721
20-May,20200520150,25725
20-May,20200520149,25712
20-May,20200520148,25718
20-May,20200520147,25719
20-May,20200520146,25723
20-May,20200520145,25711
20-May,20200520144,25715
20-May,20200520143,25704
20-May,20200520142,25717
20-May,20200520141,25720
20-May,20200520140,25715
20-May,20200520139,25720
20-May,20200520138,25729
20-May,20200520137,25734
20-May,20200520136,25736
20-May,20200520135,25741
20-May,20200520134,25738
20-May,20200520133,25736
20-May,20200520132,25746
20-May,20200520131,25742
20-May,20200520130,25739
20-May,20200520129,25742
20-May,20200520128,25744
20-May,20200520127,25734
20-May,20200520126,25745
20-May,20200520125,25735
20-May,20200520124,25745
20-May,20200520123,25741
20-May,20200520122,25739
20-May,20200520121,25724
20-May,20200520120,25732
20-May,20200520119,25727
20-May,20200520118,25723
20-May,20200520117,25719
20-May,20200520116,25710
20-May,20200520115,25705
20-May,20200520114,25705
20-May,20200520113,25709
20-May,20200520112,25714
20-May,20200520111,25702
20-May,20200520110,25700
20-May,20200520109,25693
20-May,20200520108,25699
20-May,20200520107,25694
20-May,20200520106,25706
20-May,20200520105,25713
20-May,20200520104,25724
20-May,20200520103,25714
20-May,20200520102,25714
20-May,20200520101,25709
20-May,20200520100,25710
20-May,20200520099,25702
20-May,20200520098,25717
20-May,20200520097,25720
20-May,20200520096,25720
20-May,20200520095,25728
20-May,20200520094,25733
20-May,20200520093,25738
20-May,20200520092,25741
20-May,20200520091,25748
20-May,20200520090,25752
20-May,20200520089,25765
20-May,20200520088,25760
20-May,20200520087,25779
20-May,20200520086,25777
20-May,20200520085,25779
20-May,20200520084,25786
20-May,20200520083,25780
20-May,20200520082,25769
20-May,20200520081,25761
20-May,20200520080,25751
20-May,20200520079,25756
20-May,20200520078,25759
20-May,20200520077,25763
20-May,20200520076,25760
20-May,20200520075,25759
20-May,20200520074,25756
20-May,20200520073,25749
20-May,20200520072,25754
20-May,20200520071,25753
20-May,20200520070,25762
20-May,20200520069,25765
20-May,20200520068,25759
20-May,20200520067,25760
20-May,20200520066,25756
20-May,20200520065,25747
20-May,20200520064,25769
20-May,20200520063,25774
20-May,20200520062,25776
20-May,20200520061,25779
20-May,20200520060,25789
20-May,20200520059,25785
20-May,20200520058,25785
20-May,20200520057,25796
20-May,20200520056,25793
20-May,20200520055,25806
20-May,20200520054,25800
20-May,20200520053,25792
20-May,20200520052,25801
20-May,20200520051,25794
20-May,20200520050,25795
20-May,20200520049,25797
20-May,20200520048,25795
20-May,20200520047,25799
20-May,20200520046,25806
20-May,20200520045,25783
20-May,20200520044,25788
20-May,20200520043,25803
20-May,20200520042,25811
20-May,20200520041,25817
20-May,20200520040,25812
20-May,20200520039,25802
20-May,20200520038,25803
20-May,20200520037,25813
20-May,20200520036,25818
20-May,20200520035,25826
20-May,20200520034,25832
20-May,20200520033,25830
20-May,20200520032,25829
20-May,20200520031,25826
20-May,20200520030,25837
20-May,20200520029,25827
20-May,20200520028,25800
20-May,20200520027,25819
20-May,20200520026,25807
20-May,20200520025,25808
20-May,20200520024,25807
20-May,20200520023,25801
20-May,20200520022,25810
20-May,20200520021,25803
20-May,20200520020,25811
20-May,20200520019,25828
20-May,20200520018,25837
20-May,20200520017,25830
20-May,20200520016,25819
20-May,20200520015,25835
20-May,20200520014,25829
20-May,20200520013,25832
20-May,20200520012,25820
20-May,20200520011,25813
20-May,20200520010,25825
20-May,20200520009,25821
20-May,20200520008,25819
20-May,20200520007,25832
20-May,20200520006,25843
20-May,20200520005,25845
20-May,20200520004,25834
20-May,20200520003,25834
20-May,20200520002,25819
20-May,20200520001,25819
21-May,20200521480,25954
21-May,20200521479,25971
21-May,20200521478,25977
21-May,20200521477,25997
21-May,20200521476,25980
21-May,20200521475,25970
21-May,20200521474,25960
21-May,20200521473,25962
21-May,20200521472,25968
21-May,20200521471,25960
21-May,20200521470,25967
21-May,20200521469,25952
21-May,20200521468,25944
21-May,20200521467,25955
21-May,20200521466,25974
21-May,20200521465,25981
21-May,20200521464,25995
21-May,20200521463,25987
21-May,20200521462,25988
21-May,20200521461,26007
21-May,20200521460,25998
21-May,20200521459,25996
21-May,20200521458,25988
21-May,20200521457,25998
21-May,20200521456,26002
21-May,20200521455,25991
21-May,20200521454,25998
21-May,20200521453,25988
21-May,20200521452,25984
21-May,20200521451,25987
21-May,20200521450,25962
21-May,20200521449,25957
21-May,20200521448,25961
21-May,20200521447,25962
21-May,20200521446,25943
21-May,20200521445,25936
21-May,20200521444,25938
21-May,20200521443,25932
21-May,20200521442,25927
21-May,20200521441,25916
21-May,20200521440,25929
21-May,20200521439,25929
21-May,20200521438,25938
21-May,20200521437,25934
21-May,20200521436,25945
21-May,20200521435,25967
21-May,20200521434,25952
21-May,20200521433,25934
21-May,20200521432,25925
21-May,20200521431,25934
21-May,20200521430,25932
21-May,20200521429,25937
21-May,20200521428,25934
21-May,20200521427,25948
21-May,20200521426,25950
21-May,20200521425,25947
21-May,20200521424,25941
21-May,20200521423,25933
21-May,20200521422,25931
21-May,20200521421,25940
21-May,20200521420,25930
21-May,20200521419,25915
21-May,20200521418,25913
21-May,20200521417,25928
21-May,20200521416,25922
21-May,20200521415,25913
21-May,20200521414,25912
21-May,20200521413,25909
21-May,20200521412,25907
21-May,20200521411,25895
21-May,20200521410,25896
21-May,20200521409,25880
21-May,20200521408,25869
21-May,20200521407,25869
21-May,20200521406,25885
21-May,20200521405,25888
21-May,20200521404,25885
21-May,20200521403,25890
21-May,20200521402,25894
21-May,20200521401,25893
21-May,20200521400,25885
21-May,20200521399,25873
21-May,20200521398,25876
21-May,20200521397,25885
21-May,20200521396,25899
21-May,20200521395,25880
21-May,20200521394,25876
21-May,20200521393,25887
21-May,20200521392,25880
21-May,20200521391,25883
21-May,20200521390,25887
21-May,20200521389,25889
21-May,20200521388,25889
21-May,20200521387,25882
21-May,20200521386,25871
21-May,20200521385,25881
21-May,20200521384,25895
21-May,20200521383,25902
21-May,20200521382,25906
21-May,20200521381,25892
21-May,20200521380,25883
21-May,20200521379,25884
21-May,20200521378,25886
21-May,20200521377,25884
21-May,20200521376,25884
21-May,20200521375,25873
21-May,20200521374,25868
21-May,20200521373,25865
21-May,20200521372,25862
21-May,20200521371,25856
21-May,20200521370,25845
21-May,20200521369,25822
21-May,20200521368,25826
21-May,20200521367,25820
21-May,20200521366,25813
21-May,20200521365,25806
21-May,20200521364,25800
21-May,20200521363,25799
21-May,20200521362,25804
21-May,20200521361,25803
21-May,20200521360,25820
21-May,20200521359,25838
21-May,20200521358,25835
21-May,20200521357,25846
21-May,20200521356,25836
21-May,20200521355,25848
21-May,20200521354,25847
21-May,20200521353,25847
21-May,20200521352,25865
21-May,20200521351,25867
21-May,20200521350,25878
21-May,20200521349,25881
21-May,20200521348,25878
21-May,20200521347,25873
21-May,20200521346,25881
21-May,20200521345,25870
21-May,20200521344,25867
21-May,20200521343,25860
21-May,20200521342,25861
21-May,20200521341,25856
21-May,20200521340,25855
21-May,20200521339,25864
21-May,20200521338,25861
21-May,20200521337,25855
21-May,20200521336,25846
21-May,20200521335,25841
21-May,20200521334,25836
21-May,20200521333,25836
21-May,20200521332,25833
21-May,20200521331,25840
21-May,20200521330,25852
21-May,20200521329,25854
21-May,20200521328,25868
21-May,20200521327,25876
21-May,20200521326,25877
21-May,20200521325,25885
21-May,20200521324,25881
21-May,20200521323,25873
21-May,20200521322,25867
21-May,20200521321,25872
21-May,20200521320,25885
21-May,20200521319,25882
21-May,20200521318,25893
21-May,20200521317,25896
21-May,20200521316,25898
21-May,20200521315,25902
21-May,20200521314,25892
21-May,20200521313,25882
21-May,20200521312,25898
21-May,20200521311,25896
21-May,20200521310,25902
21-May,20200521309,25906
21-May,20200521308,25894
21-May,20200521307,25910
21-May,20200521306,25917
21-May,20200521305,25928
21-May,20200521304,25922
21-May,20200521303,25912
21-May,20200521302,25925
21-May,20200521301,25937
21-May,20200521300,25934
21-May,20200521299,25942
21-May,20200521298,25932
21-May,20200521297,25937
21-May,20200521296,25938
21-May,20200521295,25937
21-May,20200521294,25930
21-May,20200521293,25931
21-May,20200521292,25920
21-May,20200521291,25921
21-May,20200521290,25927
21-May,20200521289,25946
21-May,20200521288,25952
21-May,20200521287,25932
21-May,20200521286,25914
21-May,20200521285,25905
21-May,20200521284,25908
21-May,20200521283,25915
21-May,20200521282,25902
21-May,20200521281,25882
21-May,20200521280,25876
21-May,20200521279,25886
21-May,20200521278,25882
21-May,20200521277,25873
21-May,20200521276,25873
21-May,20200521275,25851
21-May,20200521274,25839
21-May,20200521273,25827
21-May,20200521272,25835
21-May,20200521271,25855
21-May,20200521270,25865
21-May,20200521269,25867
21-May,20200521268,25877
21-May,20200521267,25871
21-May,20200521266,25862
21-May,20200521265,25877
21-May,20200521264,25882
21-May,20200521263,25876
21-May,20200521262,25885
21-May,20200521261,25886
21-May,20200521260,25905
21-May,20200521259,25908
21-May,20200521258,25913
21-May,20200521257,25902
21-May,20200521256,25897
21-May,20200521255,25899
21-May,20200521254,25907
21-May,20200521253,25902
21-May,20200521252,25900
21-May,20200521251,25904
21-May,20200521250,25905
21-May,20200521249,25894
21-May,20200521248,25898
21-May,20200521247,25899
21-May,20200521246,25892
21-May,20200521245,25895
21-May,20200521244,25905
21-May,20200521243,25897
21-May,20200521242,25891
21-May,20200521241,25895
21-May,20200521240,25893
21-May,20200521239,25906
21-May,20200521238,25916
21-May,20200521237,25924
21-May,20200521236,25929
21-May,20200521235,25929
21-May,20200521234,25916
21-May,20200521233,25906
21-May,20200521232,25900
21-May,20200521231,25919
21-May,20200521230,25914
21-May,20200521229,25910
21-May,20200521228,25918
21-May,20200521227,25919
21-May,20200521226,25934
21-May,20200521225,25938
21-May,20200521224,25940
21-May,20200521223,25933
21-May,20200521222,25937
21-May,20200521221,25941
21-May,20200521220,25943
21-May,20200521219,25969
21-May,20200521218,25981
21-May,20200521217,25967
21-May,20200521216,25979
21-May,20200521215,25989
21-May,20200521214,25992
21-May,20200521213,26009
21-May,20200521212,26010
21-May,20200521211,26019
21-May,20200521210,26015
21-May,20200521209,26015
21-May,20200521208,26004
21-May,20200521207,26012
21-May,20200521206,26009
21-May,20200521205,26007
21-May,20200521204,26001
21-May,20200521203,26004
21-May,20200521202,26002
21-May,20200521201,26003
21-May,20200521200,25997
21-May,20200521199,26003
21-May,20200521198,26006
21-May,20200521197,26004
21-May,20200521196,26019
21-May,20200521195,26026
21-May,20200521194,26034
21-May,20200521193,26033
21-May,20200521192,26043
21-May,20200521191,26048
21-May,20200521190,26058
21-May,20200521189,26052
21-May,20200521188,26048
21-May,20200521187,26041
21-May,20200521186,26041
21-May,20200521185,26042
21-May,20200521184,26049
21-May,20200521183,26048
21-May,20200521182,26031
21-May,20200521181,26039
21-May,20200521180,26043
21-May,20200521179,26055
21-May,20200521178,26055
21-May,20200521177,26042
21-May,20200521176,26047
21-May,20200521175,26042
21-May,20200521174,26038
21-May,20200521173,26023
21-May,20200521172,26032
21-May,20200521171,26042
21-May,20200521170,26046
21-May,20200521169,26055
21-May,20200521168,26047
21-May,20200521167,26033
21-May,20200521166,26024
21-May,20200521165,26033
21-May,20200521164,26037
21-May,20200521163,26037
21-May,20200521162,26035
21-May,20200521161,26049
21-May,20200521160,26057
21-May,20200521159,26067
21-May,20200521158,26072
21-May,20200521157,26072
21-May,20200521156,26056
21-May,20200521155,26068
21-May,20200521154,26085
21-May,20200521153,26095
21-May,20200521152,26107
21-May,20200521151,26111
21-May,20200521150,26110
21-May,20200521149,26103
21-May,20200521148,26102
21-May,20200521147,26090
21-May,20200521146,26084
21-May,20200521145,26079
21-May,20200521144,26089
21-May,20200521143,26076
21-May,20200521142,26058
21-May,20200521141,26062
21-May,20200521140,26077
21-May,20200521139,26075
21-May,20200521138,26076
21-May,20200521137,26072
21-May,20200521136,26062
21-May,20200521135,26064
21-May,20200521134,26051
21-May,20200521133,26055
21-May,20200521132,26058
21-May,20200521131,26052
21-May,20200521130,26059
21-May,20200521129,26057
21-May,20200521128,26069
21-May,20200521127,26068
21-May,20200521126,26078
21-May,20200521125,26071
21-May,20200521124,26065
21-May,20200521123,26062
21-May,20200521122,26066
21-May,20200521121,26077
21-May,20200521120,26098
21-May,20200521119,26091
21-May,20200521118,26099
21-May,20200521117,26119
21-May,20200521116,26108
21-May,20200521115,26105
21-May,20200521114,26122
21-May,20200521113,26116
21-May,20200521112,26114
21-May,20200521111,26111
21-May,20200521110,26114
21-May,20200521109,26103
21-May,20200521108,26099
21-May,20200521107,26105
21-May,20200521106,26127
21-May,20200521105,26143
21-May,20200521104,26140
21-May,20200521103,26141
21-May,20200521102,26135
21-May,20200521101,26127
21-May,20200521100,26135
21-May,20200521099,26122
21-May,20200521098,26117
21-May,20200521097,26103
21-May,20200521096,26080
21-May,20200521095,26060
21-May,20200521094,26058
21-May,20200521093,26052
21-May,20200521092,26063
21-May,20200521091,26069
21-May,20200521090,26076
21-May,20200521089,26085
21-May,20200521088,26089
21-May,20200521087,26073
21-May,20200521086,26078
21-May,20200521085,26089
21-May,20200521084,26088
21-May,20200521083,26081
21-May,20200521082,26080
21-May,20200521081,26088
21-May,20200521080,26089
21-May,20200521079,26085
21-May,20200521078,26093
21-May,20200521077,26093
21-May,20200521076,26087
21-May,20200521075,26090
21-May,20200521074,26097
21-May,20200521073,26102
21-May,20200521072,26092
21-May,20200521071,26097
21-May,20200521070,26098
21-May,20200521069,26093
21-May,20200521068,26092
21-May,20200521067,26100
21-May,20200521066,26101
21-May,20200521065,26096
21-May,20200521064,26100
21-May,20200521063,26106
21-May,20200521062,26106
21-May,20200521061,26094
21-May,20200521060,26095
21-May,20200521059,26093
21-May,20200521058,26086
21-May,20200521057,26092
21-May,20200521056,26094
21-May,20200521055,26102
21-May,20200521054,26101
21-May,20200521053,26085
21-May,20200521052,26108
21-May,20200521051,26100
21-May,20200521050,26111
21-May,20200521049,26116
21-May,20200521048,26107
21-May,20200521047,26115
21-May,20200521046,26110
21-May,20200521045,26111
21-May,20200521044,26113
21-May,20200521043,26110
21-May,20200521042,26119
21-May,20200521041,26103
21-May,20200521040,26116
21-May,20200521039,26123
21-May,20200521038,26131
21-May,20200521037,26121
21-May,20200521036,26114
21-May,20200521035,26125
21-May,20200521034,26120
21-May,20200521033,26120
21-May,20200521032,26119
21-May,20200521031,26119
21-May,20200521030,26115
21-May,20200521029,26111
21-May,20200521028,26103
21-May,20200521027,26112
21-May,20200521026,26110
21-May,20200521025,26092
21-May,20200521024,26097
21-May,20200521023,26109
21-May,20200521022,26126
21-May,20200521021,26122
21-May,20200521020,26127
21-May,20200521019,26129
21-May,20200521018,26124
21-May,20200521017,26123
21-May,20200521016,26124
21-May,20200521015,26137
21-May,20200521014,26131
21-May,20200521013,26132
21-May,20200521012,26115
21-May,20200521011,26115
21-May,20200521010,26100
21-May,20200521009,26097
21-May,20200521008,26101
21-May,20200521007,26111
21-May,20200521006,26113
21-May,20200521005,26107
21-May,20200521004,26114
21-May,20200521003,26100
21-May,20200521002,26091
21-May,20200521001,26096
22-May,20200522480,26102
22-May,20200522479,26092
22-May,20200522478,26105
22-May,20200522477,26107
22-May,20200522476,26107
22-May,20200522475,26103
22-May,20200522474,26106
22-May,20200522473,26116
22-May,20200522472,26124
22-May,20200522471,26120
22-May,20200522470,26119
22-May,20200522469,26112
22-May,20200522468,26101
22-May,20200522467,26089
22-May,20200522466,26099
22-May,20200522465,26101
22-May,20200522464,26105
22-May,20200522463,26100
22-May,20200522462,26099
22-May,20200522461,26096
22-May,20200522460,26103
22-May,20200522459,26100
22-May,20200522458,26105
22-May,20200522457,26104
22-May,20200522456,26107
22-May,20200522455,26102
22-May,20200522454,26105
22-May,20200522453,26121
22-May,20200522452,26126
22-May,20200522451,26136
22-May,20200522450,26130
22-May,20200522449,26130
22-May,20200522448,26127
22-May,20200522447,26131
22-May,20200522446,26125
22-May,20200522445,26114
22-May,20200522444,26095
22-May,20200522443,26085
22-May,20200522442,26089
22-May,20200522441,26084
22-May,20200522440,26080
22-May,20200522439,26065
22-May,20200522438,26041
22-May,20200522437,26042
22-May,20200522436,26040
22-May,20200522435,26047
22-May,20200522434,26044
22-May,20200522433,26052
22-May,20200522432,26065
22-May,20200522431,26078
22-May,20200522430,26071
22-May,20200522429,26072
22-May,20200522428,26092
22-May,20200522427,26091
22-May,20200522426,26102
22-May,20200522425,26090
22-May,20200522424,26091
22-May,20200522423,26105
22-May,20200522422,26115
22-May,20200522421,26101
22-May,20200522420,26109
22-May,20200522419,26102
22-May,20200522418,26091
22-May,20200522417,26097
22-May,20200522416,26090
22-May,20200522415,26085
22-May,20200522414,26089
22-May,20200522413,26080
22-May,20200522412,26072
22-May,20200522411,26088
22-May,20200522410,26092
22-May,20200522409,26081
22-May,20200522408,26070
22-May,20200522407,26055
22-May,20200522406,26050
22-May,20200522405,26058
22-May,20200522404,26069
22-May,20200522403,26075
22-May,20200522402,26076
22-May,20200522401,26065
22-May,20200522400,26066
22-May,20200522399,26078
22-May,20200522398,26072
22-May,20200522397,26071
22-May,20200522396,26052
22-May,20200522395,26043
22-May,20200522394,26034
22-May,20200522393,26038
22-May,20200522392,26038
22-May,20200522391,26041
22-May,20200522390,26047
22-May,20200522389,26049
22-May,20200522388,26055
22-May,20200522387,26034
22-May,20200522386,26046
22-May,20200522385,26049
22-May,20200522384,26040
22-May,20200522383,26049
22-May,20200522382,26060
22-May,20200522381,26063
22-May,20200522380,26067
22-May,20200522379,26075
22-May,20200522378,26088
22-May,20200522377,26093
22-May,20200522376,26072
22-May,20200522375,26074
22-May,20200522374,26089
22-May,20200522373,26082
22-May,20200522372,26086
22-May,20200522371,26089
22-May,20200522370,26080
22-May,20200522369,26074
22-May,20200522368,26067
22-May,20200522367,26088
22-May,20200522366,26095
22-May,20200522365,26102
22-May,20200522364,26092
22-May,20200522363,26089
22-May,20200522362,26077
22-May,20200522361,26087
22-May,20200522360,26091
22-May,20200522359,26089
22-May,20200522358,26090
22-May,20200522357,26081
22-May,20200522356,26080
22-May,20200522355,26087
22-May,20200522354,26090
22-May,20200522353,26076
22-May,20200522352,26085
22-May,20200522351,26085
22-May,20200522350,26093
22-May,20200522349,26100
22-May,20200522348,26085
22-May,20200522347,26088
22-May,20200522346,26098
22-May,20200522345,26081
22-May,20200522344,26063
22-May,20200522343,26070
22-May,20200522342,26066
22-May,20200522341,26073
22-May,20200522340,26078
22-May,20200522339,26091
22-May,20200522338,26082
22-May,20200522337,26085
22-May,20200522336,26071
22-May,20200522335,26076
22-May,20200522334,26075
22-May,20200522333,26075
22-May,20200522332,26071
22-May,20200522331,26088
22-May,20200522330,26100
22-May,20200522329,26105
22-May,20200522328,26117
22-May,20200522327,26124
22-May,20200522326,26136
22-May,20200522325,26156
22-May,20200522324,26151
22-May,20200522323,26149
22-May,20200522322,26157
22-May,20200522321,26166
22-May,20200522320,26155
22-May,20200522319,26151
22-May,20200522318,26150
22-May,20200522317,26152
22-May,20200522316,26164
22-May,20200522315,26162
22-May,20200522314,26179
22-May,20200522313,26186
22-May,20200522312,26199
22-May,20200522311,26196
22-May,20200522310,26189
22-May,20200522309,26189
22-May,20200522308,26188
22-May,20200522307,26186
22-May,20200522306,26166
22-May,20200522305,26158
22-May,20200522304,26147
22-May,20200522303,26152
22-May,20200522302,26154
22-May,20200522301,26150
22-May,20200522300,26152
22-May,20200522299,26148
22-May,20200522298,26152
22-May,20200522297,26130
22-May,20200522296,26139
22-May,20200522295,26147
22-May,20200522294,26148
22-May,20200522293,26143
22-May,20200522292,26153
22-May,20200522291,26155
22-May,20200522290,26155
22-May,20200522289,26154
22-May,20200522288,26151
22-May,20200522287,26148
22-May,20200522286,26150
22-May,20200522285,26142
22-May,20200522284,26131
22-May,20200522283,26136
22-May,20200522282,26125
22-May,20200522281,26110
22-May,20200522280,26107
22-May,20200522279,26093
22-May,20200522278,26095
22-May,20200522277,26085
22-May,20200522276,26089
22-May,20200522275,26084
22-May,20200522274,26080
22-May,20200522273,26084
22-May,20200522272,26091
22-May,20200522271,26083
22-May,20200522270,26073
22-May,20200522269,26061
22-May,20200522268,26050
22-May,20200522267,26051
22-May,20200522266,26043
22-May,20200522265,26030
22-May,20200522264,26028
22-May,20200522263,26039
22-May,20200522262,26051
22-May,20200522261,26047
22-May,20200522260,26046
22-May,20200522259,26059
22-May,20200522258,26051
22-May,20200522257,26058
22-May,20200522256,26060
22-May,20200522255,26058
22-May,20200522254,26068
22-May,20200522253,26065
22-May,20200522252,26066
22-May,20200522251,26068
22-May,20200522250,26069
22-May,20200522249,26064
22-May,20200522248,26060
22-May,20200522247,26052
22-May,20200522246,26042
22-May,20200522245,26038
22-May,20200522244,26041
22-May,20200522243,26028
22-May,20200522242,26033
22-May,20200522241,26020
22-May,20200522240,26018
22-May,20200522239,26039
22-May,20200522238,26047
22-May,20200522237,26032
22-May,20200522236,26047
22-May,20200522235,26046
22-May,20200522234,26056
22-May,20200522233,26042
22-May,20200522232,26035
22-May,20200522231,26036
22-May,20200522230,26042
22-May,20200522229,26044
22-May,20200522228,26043
22-May,20200522227,26044
22-May,20200522226,26042
22-May,20200522225,26041
22-May,20200522224,26031
22-May,20200522223,26030
22-May,20200522222,26038
22-May,20200522221,26027
22-May,20200522220,26034
22-May,20200522219,26030
22-May,20200522218,26031
22-May,20200522217,26046
22-May,20200522216,26048
22-May,20200522215,26030
22-May,20200522214,26010
22-May,20200522213,26004
22-May,20200522212,26006
22-May,20200522211,26009
22-May,20200522210,26006
22-May,20200522209,26013
22-May,20200522208,26019
22-May,20200522207,26016
22-May,20200522206,26010
22-May,20200522205,26021
22-May,20200522204,26020
22-May,20200522203,26020
22-May,20200522202,26027
22-May,20200522201,26023
22-May,20200522200,26027
22-May,20200522199,26039
22-May,20200522198,26031
22-May,20200522197,26036
22-May,20200522196,26033
22-May,20200522195,26047
22-May,20200522194,26056
22-May,20200522193,26031
22-May,20200522192,26031
22-May,20200522191,26023
22-May,20200522190,26018
22-May,20200522189,26010
22-May,20200522188,26018
22-May,20200522187,26005
22-May,20200522186,26006
22-May,20200522185,26013
22-May,20200522184,26019
22-May,20200522183,26017
22-May,20200522182,26038
22-May,20200522181,26023
22-May,20200522180,26029
22-May,20200522179,26036
22-May,20200522178,26049
22-May,20200522177,26031
22-May,20200522176,26021
22-May,20200522175,26027
22-May,20200522174,26021
22-May,20200522173,26029
22-May,20200522172,26020
22-May,20200522171,26026
22-May,20200522170,26029
22-May,20200522169,26039
22-May,20200522168,26046
22-May,20200522167,26040
22-May,20200522166,26052
22-May,20200522165,26055
22-May,20200522164,26040
22-May,20200522163,26045
22-May,20200522162,26033
22-May,20200522161,26022
22-May,20200522160,26029
22-May,20200522159,26025
22-May,20200522158,26002
22-May,20200522157,25992
22-May,20200522156,25984
22-May,20200522155,25989
22-May,20200522154,26002
22-May,20200522153,26004
22-May,20200522152,26002
22-May,20200522151,25996
22-May,20200522150,25992
22-May,20200522149,26007
22-May,20200522148,26018
22-May,20200522147,26024
22-May,20200522146,26015
22-May,20200522145,26014
22-May,20200522144,26019
22-May,20200522143,26018
22-May,20200522142,26031
22-May,20200522141,26020
22-May,20200522140,26032
22-May,20200522139,26029
22-May,20200522138,26033
22-May,20200522137,26027
22-May,20200522136,26034
22-May,20200522135,26032
22-May,20200522134,26025
22-May,20200522133,26027
22-May,20200522132,26024
22-May,20200522131,26030
22-May,20200522130,26038
22-May,20200522129,26037
22-May,20200522128,26026
22-May,20200522127,26025
22-May,20200522126,26024
22-May,20200522125,26003
22-May,20200522124,25989
22-May,20200522123,25997
22-May,20200522122,25984
22-May,20200522121,25993
22-May,20200522120,25999
22-May,20200522119,25998
22-May,20200522118,26000
22-May,20200522117,26002
22-May,20200522116,25997
22-May,20200522115,25981
22-May,20200522114,25979
22-May,20200522113,25991
22-May,20200522112,25987
22-May,20200522111,25995
22-May,20200522110,25988
22-May,20200522109,25993
22-May,20200522108,25980
22-May,20200522107,25983
22-May,20200522106,25966
22-May,20200522105,25969
22-May,20200522104,25976
22-May,20200522103,25970
22-May,20200522102,25975
22-May,20200522101,25980
22-May,20200522100,25969
22-May,20200522099,25969
22-May,20200522098,25977
22-May,20200522097,25968
22-May,20200522096,25963
22-May,20200522095,25979
22-May,20200522094,25989
22-May,20200522093,26008
22-May,20200522092,26018
22-May,20200522091,26018
22-May,20200522090,26016
22-May,20200522089,26016
22-May,20200522088,26037
22-May,20200522087,26036
22-May,20200522086,26038
22-May,20200522085,26058
22-May,20200522084,26063
22-May,20200522083,26063
22-May,20200522082,26056
22-May,20200522081,26053
22-May,20200522080,26035
22-May,20200522079,26042
22-May,20200522078,26055
22-May,20200522077,26051
22-May,20200522076,26053
22-May,20200522075,26047
22-May,20200522074,26055
22-May,20200522073,26066
22-May,20200522072,26075
22-May,20200522071,26060
22-May,20200522070,26065
22-May,20200522069,26075
22-May,20200522068,26073
22-May,20200522067,26071
22-May,20200522066,26067
22-May,20200522065,26065
22-May,20200522064,26044
22-May,20200522063,26048
22-May,20200522062,26065
22-May,20200522061,26066
22-May,20200522060,26055
22-May,20200522059,26050
22-May,20200522058,26050
22-May,20200522057,26051
22-May,20200522056,26056
22-May,20200522055,26042
22-May,20200522054,26023
22-May,20200522053,26020
22-May,20200522052,26026
22-May,20200522051,26031
22-May,20200522050,26021
22-May,20200522049,26028
22-May,20200522048,26023
22-May,20200522047,26015
22-May,20200522046,26004
22-May,20200522045,25991
22-May,20200522044,25983
22-May,20200522043,25997
22-May,20200522042,25996
22-May,20200522041,25984
22-May,20200522040,25989
22-May,20200522039,25997
22-May,20200522038,25998
22-May,20200522037,26008
22-May,20200522036,26007
22-May,20200522035,26012
22-May,20200522034,26002
22-May,20200522033,25991
22-May,20200522032,25993
22-May,20200522031,25995
22-May,20200522030,25994
22-May,20200522029,25974
22-May,20200522028,25988
22-May,20200522027,25985
22-May,20200522026,25972
22-May,20200522025,25967
22-May,20200522024,25962
22-May,20200522023,25953
22-May,20200522022,25967
22-May,20200522021,25960
22-May,20200522020,25944
22-May,20200522019,25947
22-May,20200522018,25942
22-May,20200522017,25942
22-May,20200522016,25937
22-May,20200522015,25948
22-May,20200522014,25942
22-May,20200522013,25944
22-May,20200522012,25935
22-May,20200522011,25947
22-May,20200522010,25944
22-May,20200522009,25939
22-May,20200522008,25948
22-May,20200522007,25952
22-May,20200522006,25931
22-May,20200522005,25943
22-May,20200522004,25939
22-May,20200522003,25946
22-May,20200522002,25949
22-May,20200522001,25946
23-May,20200523480,26117
23-May,20200523479,26123
23-May,20200523478,26113
23-May,20200523477,26113
23-May,20200523476,26119
23-May,20200523475,26126
23-May,20200523474,26133
23-May,20200523473,26123
23-May,20200523472,26113
23-May,20200523471,26128
23-May,20200523470,26120
23-May,20200523469,26112
23-May,20200523468,26099
23-May,20200523467,26100
23-May,20200523466,26105
23-May,20200523465,26103
23-May,20200523464,26100
23-May,20200523463,26106
23-May,20200523462,26117
23-May,20200523461,26133
23-May,20200523460,26122
23-May,20200523459,26127
23-May,20200523458,26137
23-May,20200523457,26128
23-May,20200523456,26145
23-May,20200523455,26134
23-May,20200523454,26126
23-May,20200523453,26148
23-May,20200523452,26147
23-May,20200523451,26135
23-May,20200523450,26142
23-May,20200523449,26146
23-May,20200523448,26144
23-May,20200523447,26143
23-May,20200523446,26136
23-May,20200523445,26157
23-May,20200523444,26168
23-May,20200523443,26163
23-May,20200523442,26153
23-May,20200523441,26159
23-May,20200523440,26165
23-May,20200523439,26166
23-May,20200523438,26158
23-May,20200523437,26167
23-May,20200523436,26157
23-May,20200523435,26163
23-May,20200523434,26174
23-May,20200523433,26179
23-May,20200523432,26182
23-May,20200523431,26197
23-May,20200523430,26196
23-May,20200523429,26191
23-May,20200523428,26198
23-May,20200523427,26197
23-May,20200523426,26191
23-May,20200523425,26191
23-May,20200523424,26199
23-May,20200523423,26198
23-May,20200523422,26189
23-May,20200523421,26191
23-May,20200523420,26190
23-May,20200523419,26195
23-May,20200523418,26187
23-May,20200523417,26200
23-May,20200523416,26197
23-May,20200523415,26208
23-May,20200523414,26195
23-May,20200523413,26189
23-May,20200523412,26173
23-May,20200523411,26192
23-May,20200523410,26191
23-May,20200523409,26187
23-May,20200523408,26199
23-May,20200523407,26193
23-May,20200523406,26192
23-May,20200523405,26198
23-May,20200523404,26196
23-May,20200523403,26195
23-May,20200523402,26209
23-May,20200523401,26195
23-May,20200523400,26181
23-May,20200523399,26185
23-May,20200523398,26189
23-May,20200523397,26193
23-May,20200523396,26187
23-May,20200523395,26193
23-May,20200523394,26178
23-May,20200523393,26179
23-May,20200523392,26171
23-May,20200523391,26183
23-May,20200523390,26172
23-May,20200523389,26181
23-May,20200523388,26178
23-May,20200523387,26189
23-May,20200523386,26186
23-May,20200523385,26196
23-May,20200523384,26191
23-May,20200523383,26172
23-May,20200523382,26174
23-May,20200523381,26188
23-May,20200523380,26175
23-May,20200523379,26171
23-May,20200523378,26167
23-May,20200523377,26181
23-May,20200523376,26177
23-May,20200523375,26182
23-May,20200523374,26162
23-May,20200523373,26166
23-May,20200523372,26163
23-May,20200523371,26168
23-May,20200523370,26174
23-May,20200523369,26184
23-May,20200523368,26193
23-May,20200523367,26196
23-May,20200523366,26219
23-May,20200523365,26225
23-May,20200523364,26207
23-May,20200523363,26219
23-May,20200523362,26232
23-May,20200523361,26239
23-May,20200523360,26240
23-May,20200523359,26230
23-May,20200523358,26230
23-May,20200523357,26224
23-May,20200523356,26228
23-May,20200523355,26222
23-May,20200523354,26207
23-May,20200523353,26194
23-May,20200523352,26174
23-May,20200523351,26172
23-May,20200523350,26180
23-May,20200523349,26178
23-May,20200523348,26184
23-May,20200523347,26187
23-May,20200523346,26178
23-May,20200523345,26175
23-May,20200523344,26161
23-May,20200523343,26165
23-May,20200523342,26179
23-May,20200523341,26186
23-May,20200523340,26196
23-May,20200523339,26217
23-May,20200523338,26227
23-May,20200523337,26241
23-May,20200523336,26237
23-May,20200523335,26227
23-May,20200523334,26234
23-May,20200523333,26238
23-May,20200523332,26230
23-May,20200523331,26220
23-May,20200523330,26220
23-May,20200523329,26200
23-May,20200523328,26210
23-May,20200523327,26212
23-May,20200523326,26211
23-May,20200523325,26218
23-May,20200523324,26221
23-May,20200523323,26209
23-May,20200523322,26219
23-May,20200523321,26215
23-May,20200523320,26212
23-May,20200523319,26209
23-May,20200523318,26200
23-May,20200523317,26191
23-May,20200523316,26181
23-May,20200523315,26193
23-May,20200523314,26193
23-May,20200523313,26204
23-May,20200523312,26208
23-May,20200523311,26211
23-May,20200523310,26213
23-May,20200523309,26214
23-May,20200523308,26208
23-May,20200523307,26215
23-May,20200523306,26232
23-May,20200523305,26222
23-May,20200523304,26214
23-May,20200523303,26217
23-May,20200523302,26206
23-May,20200523301,26201
23-May,20200523300,26191
23-May,20200523299,26194
23-May,20200523298,26195
23-May,20200523297,26193
23-May,20200523296,26200
23-May,20200523295,26213
23-May,20200523294,26211
23-May,20200523293,26196
23-May,20200523292,26190
23-May,20200523291,26200
23-May,20200523290,26200
23-May,20200523289,26195
23-May,20200523288,26204
23-May,20200523287,26209
23-May,20200523286,26203
23-May,20200523285,26209
23-May,20200523284,26211
23-May,20200523283,26205
23-May,20200523282,26190
23-May,20200523281,26187
23-May,20200523280,26206
23-May,20200523279,26208
23-May,20200523278,26199
23-May,20200523277,26201
23-May,20200523276,26195
23-May,20200523275,26187
23-May,20200523274,26195
23-May,20200523273,26218
23-May,20200523272,26212
23-May,20200523271,26213
23-May,20200523270,26202
23-May,20200523269,26201
23-May,20200523268,26204
23-May,20200523267,26198
23-May,20200523266,26183
23-May,20200523265,26174
23-May,20200523264,26180
23-May,20200523263,26194
23-May,20200523262,26180
23-May,20200523261,26186
23-May,20200523260,26200
23-May,20200523259,26205
23-May,20200523258,26213
23-May,20200523257,26211
23-May,20200523256,26229
23-May,20200523255,26238
23-May,20200523254,26235
23-May,20200523253,26246
23-May,20200523252,26222
23-May,20200523251,26202
23-May,20200523250,26193
23-May,20200523249,26197
23-May,20200523248,26208
23-May,20200523247,26197
23-May,20200523246,26184
23-May,20200523245,26179
23-May,20200523244,26197
23-May,20200523243,26197
23-May,20200523242,26202
23-May,20200523241,26180
23-May,20200523240,26177
23-May,20200523239,26170
23-May,20200523238,26176
23-May,20200523237,26183
23-May,20200523236,26180
23-May,20200523235,26189
23-May,20200523234,26200
23-May,20200523233,26195
23-May,20200523232,26186
23-May,20200523231,26193
23-May,20200523230,26193
23-May,20200523229,26206
23-May,20200523228,26213
23-May,20200523227,26206
23-May,20200523226,26215
23-May,20200523225,26237
23-May,20200523224,26237
23-May,20200523223,26235
23-May,20200523222,26238
23-May,20200523221,26245
23-May,20200523220,26226
23-May,20200523219,26226
23-May,20200523218,26232
23-May,20200523217,26211
23-May,20200523216,26209
23-May,20200523215,26199
23-May,20200523214,26193
23-May,20200523213,26191
23-May,20200523212,26204
23-May,20200523211,26190
23-May,20200523210,26193
23-May,20200523209,26193
23-May,20200523208,26179
23-May,20200523207,26162
23-May,20200523206,26166
23-May,20200523205,26156
23-May,20200523204,26151
23-May,20200523203,26147
23-May,20200523202,26146
23-May,20200523201,26161
23-May,20200523200,26157
23-May,20200523199,26153
23-May,20200523198,26166
23-May,20200523197,26153
23-May,20200523196,26168
23-May,20200523195,26170
23-May,20200523194,26168
23-May,20200523193,26164
23-May,20200523192,26152
23-May,20200523191,26144
23-May,20200523190,26145
23-May,20200523189,26158
23-May,20200523188,26152
23-May,20200523187,26145
23-May,20200523186,26149
23-May,20200523185,26134
23-May,20200523184,26129
23-May,20200523183,26127
23-May,20200523182,26134
23-May,20200523181,26132
23-May,20200523180,26146
23-May,20200523179,26134
23-May,20200523178,26135
23-May,20200523177,26137
23-May,20200523176,26141
23-May,20200523175,26140
23-May,20200523174,26131
23-May,20200523173,26125
23-May,20200523172,26138
23-May,20200523171,26133
23-May,20200523170,26139
23-May,20200523169,26133
23-May,20200523168,26134
23-May,20200523167,26130
23-May,20200523166,26131
23-May,20200523165,26128
23-May,20200523164,26139
23-May,20200523163,26134
23-May,20200523162,26150
23-May,20200523161,26160
23-May,20200523160,26159
23-May,20200523159,26156
23-May,20200523158,26159
23-May,20200523157,26176
23-May,20200523156,26172
23-May,20200523155,26163
23-May,20200523154,26153
23-May,20200523153,26132
23-May,20200523152,26123
23-May,20200523151,26122
23-May,20200523150,26128
23-May,20200523149,26121
23-May,20200523148,26125
23-May,20200523147,26130
23-May,20200523146,26133
23-May,20200523145,26140
23-May,20200523144,26157
23-May,20200523143,26159
23-May,20200523142,26163
23-May,20200523141,26174
23-May,20200523140,26174
23-May,20200523139,26182
23-May,20200523138,26184
23-May,20200523137,26181
23-May,20200523136,26170
23-May,20200523135,26170
23-May,20200523134,26179
23-May,20200523133,26178
23-May,20200523132,26183
23-May,20200523131,26160
23-May,20200523130,26178
23-May,20200523129,26180
23-May,20200523128,26189
23-May,20200523127,26182
23-May,20200523126,26184
23-May,20200523125,26182
23-May,20200523124,26193
23-May,20200523123,26201
23-May,20200523122,26196
23-May,20200523121,26209
23-May,20200523120,26210
23-May,20200523119,26216
23-May,20200523118,26216
23-May,20200523117,26205
23-May,20200523116,26203
23-May,20200523115,26197
23-May,20200523114,26176
23-May,20200523113,26172
23-May,20200523112,26153
23-May,20200523111,26154
23-May,20200523110,26158
23-May,20200523109,26163
23-May,20200523108,26151
23-May,20200523107,26154
23-May,20200523106,26174
23-May,20200523105,26171
23-May,20200523104,26163
23-May,20200523103,26166
23-May,20200523102,26168
23-May,20200523101,26177
23-May,20200523100,26171
23-May,20200523099,26175
23-May,20200523098,26170
23-May,20200523097,26160
23-May,20200523096,26157
23-May,20200523095,26134
23-May,20200523094,26131
23-May,20200523093,26128
23-May,20200523092,26132
23-May,20200523091,26141
23-May,20200523090,26132
23-May,20200523089,26130
23-May,20200523088,26124
23-May,20200523087,26136
23-May,20200523086,26137
23-May,20200523085,26135
23-May,20200523084,26146
23-May,20200523083,26141
23-May,20200523082,26145
23-May,20200523081,26157
23-May,20200523080,26157
23-May,20200523079,26167
23-May,20200523078,26167
23-May,20200523077,26175
23-May,20200523076,26160
23-May,20200523075,26152
23-May,20200523074,26154
23-May,20200523073,26141
23-May,20200523072,26152
23-May,20200523071,26160
23-May,20200523070,26178
23-May,20200523069,26186
23-May,20200523068,26175
23-May,20200523067,26178
23-May,20200523066,26181
23-May,20200523065,26183
23-May,20200523064,26192
23-May,20200523063,26184
23-May,20200523062,26186
23-May,20200523061,26174
23-May,20200523060,26167
23-May,20200523059,26161
23-May,20200523058,26152
23-May,20200523057,26140
23-May,20200523056,26139
23-May,20200523055,26137
23-May,20200523054,26144
23-May,20200523053,26147
23-May,20200523052,26158
23-May,20200523051,26150
23-May,20200523050,26162
23-May,20200523049,26152
23-May,20200523048,26157
23-May,20200523047,26159
23-May,20200523046,26154
23-May,20200523045,26149
23-May,20200523044,26154
23-May,20200523043,26141
23-May,20200523042,26152
23-May,20200523041,26148
23-May,20200523040,26141
23-May,20200523039,26147
23-May,20200523038,26149
23-May,20200523037,26153
23-May,20200523036,26143
23-May,20200523035,26141
23-May,20200523034,26137
23-May,20200523033,26131
23-May,20200523032,26113
23-May,20200523031,26116
23-May,20200523030,26131
23-May,20200523029,26124
23-May,20200523028,26120
23-May,20200523027,26123
23-May,20200523026,26122
23-May,20200523025,26125
23-May,20200523024,26124
23-May,20200523023,26129
23-May,20200523022,26124
23-May,20200523021,26124
23-May,20200523020,26128
23-May,20200523019,26131
23-May,20200523018,26117
23-May,20200523017,26110
23-May,20200523016,26113
23-May,20200523015,26106
23-May,20200523014,26116
23-May,20200523013,26105
23-May,20200523012,26105
23-May,20200523011,26090
23-May,20200523010,26081
23-May,20200523009,26073
23-May,20200523008,26076
23-May,20200523007,26079
23-May,20200523006,26079
23-May,20200523005,26096
23-May,20200523004,26086
23-May,20200523003,26077
23-May,20200523002,26096
23-May,20200523001,26109
24-May,20200524480,26005
24-May,20200524479,26018
24-May,20200524478,26016
24-May,20200524477,26027
24-May,20200524476,26037
24-May,20200524475,26055
24-May,20200524474,26052
24-May,20200524473,26044
24-May,20200524472,26037
24-May,20200524471,26029
24-May,20200524470,26037
24-May,20200524469,26054
24-May,20200524468,26060
24-May,20200524467,26044
24-May,20200524466,26039
24-May,20200524465,26034
24-May,20200524464,26050
24-May,20200524463,26065
24-May,20200524462,26061
24-May,20200524461,26071
24-May,20200524460,26077
24-May,20200524459,26074
24-May,20200524458,26078
24-May,20200524457,26071
24-May,20200524456,26071
24-May,20200524455,26067
24-May,20200524454,26074
24-May,20200524453,26058
24-May,20200524452,26058
24-May,20200524451,26041
24-May,20200524450,26025
24-May,20200524449,26028
24-May,20200524448,26020
24-May,20200524447,26005
24-May,20200524446,25998
24-May,20200524445,25998
24-May,20200524444,25990
24-May,20200524443,25986
24-May,20200524442,25983
24-May,20200524441,25992
24-May,20200524440,25990
24-May,20200524439,25992
24-May,20200524438,25993
24-May,20200524437,25976
24-May,20200524436,25975
24-May,20200524435,25972
24-May,20200524434,25986
24-May,20200524433,25981
24-May,20200524432,25971
24-May,20200524431,25952
24-May,20200524430,25947
24-May,20200524429,25953
24-May,20200524428,25942
24-May,20200524427,25948
24-May,20200524426,25946
24-May,20200524425,25921
24-May,20200524424,25920
24-May,20200524423,25928
24-May,20200524422,25929
24-May,20200524421,25912
24-May,20200524420,25906
24-May,20200524419,25890
24-May,20200524418,25877
24-May,20200524417,25876
24-May,20200524416,25873
24-May,20200524415,25860
24-May,20200524414,25859
24-May,20200524413,25854
24-May,20200524412,25857
24-May,20200524411,25859
24-May,20200524410,25866
24-May,20200524409,25866
24-May,20200524408,25850
24-May,20200524407,25843
24-May,20200524406,25863
24-May,20200524405,25863
24-May,20200524404,25854
24-May,20200524403,25857
24-May,20200524402,25851
24-May,20200524401,25845
24-May,20200524400,25858
24-May,20200524399,25855
24-May,20200524398,25858
24-May,20200524397,25858
24-May,20200524396,25862
24-May,20200524395,25859
24-May,20200524394,25855
24-May,20200524393,25842
24-May,20200524392,25841
24-May,20200524391,25826
24-May,20200524390,25827
24-May,20200524389,25828
24-May,20200524388,25837
24-May,20200524387,25822
24-May,20200524386,25832
24-May,20200524385,25824
24-May,20200524384,25837
24-May,20200524383,25831
24-May,20200524382,25839
24-May,20200524381,25857
24-May,20200524380,25849
24-May,20200524379,25839
24-May,20200524378,25836
24-May,20200524377,25813
24-May,20200524376,25826
24-May,20200524375,25823
24-May,20200524374,25812
24-May,20200524373,25805
24-May,20200524372,25818
24-May,20200524371,25821
24-May,20200524370,25817
24-May,20200524369,25815
24-May,20200524368,25814
24-May,20200524367,25818
24-May,20200524366,25809
24-May,20200524365,25816
24-May,20200524364,25814
24-May,20200524363,25805
24-May,20200524362,25790
24-May,20200524361,25789
24-May,20200524360,25793
24-May,20200524359,25791
24-May,20200524358,25799
24-May,20200524357,25818
24-May,20200524356,25825
24-May,20200524355,25821
24-May,20200524354,25812
24-May,20200524353,25818
24-May,20200524352,25818
24-May,20200524351,25836
24-May,20200524350,25831
24-May,20200524349,25841
24-May,20200524348,25858
24-May,20200524347,25865
24-May,20200524346,25870
24-May,20200524345,25870
24-May,20200524344,25853
24-May,20200524343,25875
24-May,20200524342,25884
24-May,20200524341,25892
24-May,20200524340,25883
24-May,20200524339,25877
24-May,20200524338,25874
24-May,20200524337,25878
24-May,20200524336,25887
24-May,20200524335,25888
24-May,20200524334,25896
24-May,20200524333,25894
24-May,20200524332,25903
24-May,20200524331,25911
24-May,20200524330,25907
24-May,20200524329,25900
24-May,20200524328,25919
24-May,20200524327,25929
24-May,20200524326,25931
24-May,20200524325,25935
24-May,20200524324,25927
24-May,20200524323,25928
24-May,20200524322,25920
24-May,20200524321,25925
24-May,20200524320,25902
24-May,20200524319,25906
24-May,20200524318,25910
24-May,20200524317,25928
24-May,20200524316,25928
24-May,20200524315,25930
24-May,20200524314,25925
24-May,20200524313,25929
24-May,20200524312,25913
24-May,20200524311,25920
24-May,20200524310,25920
24-May,20200524309,25918
24-May,20200524308,25901
24-May,20200524307,25882
24-May,20200524306,25879
24-May,20200524305,25876
24-May,20200524304,25865
24-May,20200524303,25889
24-May,20200524302,25893
24-May,20200524301,25912
24-May,20200524300,25916
24-May,20200524299,25911
24-May,20200524298,25917
24-May,20200524297,25911
24-May,20200524296,25912
24-May,20200524295,25902
24-May,20200524294,25893
24-May,20200524293,25892
24-May,20200524292,25885
24-May,20200524291,25879
24-May,20200524290,25887
24-May,20200524289,25881
24-May,20200524288,25894
24-May,20200524287,25908
24-May,20200524286,25917
24-May,20200524285,25898
24-May,20200524284,25903
24-May,20200524283,25902
24-May,20200524282,25912
24-May,20200524281,25900
24-May,20200524280,25883
24-May,20200524279,25897
24-May,20200524278,25892
24-May,20200524277,25898
24-May,20200524276,25896
24-May,20200524275,25892
24-May,20200524274,25887
24-May,20200524273,25908
24-May,20200524272,25917
24-May,20200524271,25923
24-May,20200524270,25935
24-May,20200524269,25927
24-May,20200524268,25936
24-May,20200524267,25931
24-May,20200524266,25916
24-May,20200524265,25926
24-May,20200524264,25912
24-May,20200524263,25913
24-May,20200524262,25902
24-May,20200524261,25900
24-May,20200524260,25889
24-May,20200524259,25907
24-May,20200524258,25920
24-May,20200524257,25938
24-May,20200524256,25958
24-May,20200524255,25973
24-May,20200524254,25976
24-May,20200524253,25966
24-May,20200524252,25976
24-May,20200524251,25986
24-May,20200524250,25989
24-May,20200524249,25997
24-May,20200524248,25999
24-May,20200524247,25995
24-May,20200524246,25999
24-May,20200524245,25997
24-May,20200524244,26005
24-May,20200524243,26005
24-May,20200524242,26018
24-May,20200524241,26011
24-May,20200524240,26023
24-May,20200524239,26014
24-May,20200524238,25998
24-May,20200524237,26012
24-May,20200524236,26004
24-May,20200524235,25993
24-May,20200524234,25976
24-May,20200524233,25966
24-May,20200524232,25955
24-May,20200524231,25955
24-May,20200524230,25968
24-May,20200524229,25964
24-May,20200524228,25954
24-May,20200524227,25957
24-May,20200524226,25955
24-May,20200524225,25949
24-May,20200524224,25948
24-May,20200524223,25957
24-May,20200524222,25957
24-May,20200524221,25957
24-May,20200524220,25958
24-May,20200524219,25965
24-May,20200524218,25973
24-May,20200524217,25969
24-May,20200524216,25979
24-May,20200524215,25965
24-May,20200524214,25979
24-May,20200524213,25976
24-May,20200524212,25985
24-May,20200524211,25987
24-May,20200524210,25997
24-May,20200524209,26002
24-May,20200524208,25999
24-May,20200524207,26014
24-May,20200524206,26014
24-May,20200524205,26008
24-May,20200524204,26002
24-May,20200524203,26007
24-May,20200524202,26015
24-May,20200524201,26004
24-May,20200524200,26016
24-May,20200524199,26015
24-May,20200524198,26015
24-May,20200524197,26009
24-May,20200524196,26016
24-May,20200524195,26022
24-May,20200524194,26024
24-May,20200524193,26035
24-May,20200524192,26023
24-May,20200524191,26025
24-May,20200524190,26025
24-May,20200524189,26020
24-May,20200524188,26015
24-May,20200524187,26021
24-May,20200524186,26038
24-May,20200524185,26041
24-May,20200524184,26038
24-May,20200524183,26035
24-May,20200524182,26033
24-May,20200524181,26031
24-May,20200524180,26029
24-May,20200524179,26016
24-May,20200524178,26013
24-May,20200524177,26027
24-May,20200524176,26022
24-May,20200524175,26028
24-May,20200524174,26015
24-May,20200524173,26014
24-May,20200524172,26012
24-May,20200524171,26006
24-May,20200524170,26026
24-May,20200524169,26040
24-May,20200524168,26035
24-May,20200524167,26039
24-May,20200524166,26038
24-May,20200524165,26020
24-May,20200524164,26028
24-May,20200524163,26014
24-May,20200524162,26029
24-May,20200524161,26022
24-May,20200524160,26021
24-May,20200524159,26016
24-May,20200524158,26021
24-May,20200524157,26017
24-May,20200524156,26015
24-May,20200524155,26014
24-May,20200524154,26006
24-May,20200524153,26022
24-May,20200524152,26019
24-May,20200524151,26013
24-May,20200524150,26015
24-May,20200524149,26000
24-May,20200524148,26007
24-May,20200524147,26008
24-May,20200524146,26003
24-May,20200524145,26001
24-May,20200524144,26009
24-May,20200524143,26008
24-May,20200524142,26015
24-May,20200524141,26007
24-May,20200524140,26004
24-May,20200524139,26006
24-May,20200524138,26029
24-May,20200524137,26039
24-May,20200524136,26046
24-May,20200524135,26047
24-May,20200524134,26044
24-May,20200524133,26049
24-May,20200524132,26065
24-May,20200524131,26052
24-May,20200524130,26056
24-May,20200524129,26077
24-May,20200524128,26063
24-May,20200524127,26058
24-May,20200524126,26066
24-May,20200524125,26065
24-May,20200524124,26075
24-May,20200524123,26081
24-May,20200524122,26071
24-May,20200524121,26061
24-May,20200524120,26060
24-May,20200524119,26050
24-May,20200524118,26043
24-May,20200524117,26037
24-May,20200524116,26025
24-May,20200524115,26031
24-May,20200524114,26036
24-May,20200524113,26039
24-May,20200524112,26037
24-May,20200524111,26029
24-May,20200524110,26028
24-May,20200524109,26042
24-May,20200524108,26041
24-May,20200524107,26027
24-May,20200524106,26038
24-May,20200524105,26052
24-May,20200524104,26031
24-May,20200524103,26031
24-May,20200524102,26027
24-May,20200524101,26034
24-May,20200524100,26034
24-May,20200524099,26038
24-May,20200524098,26040
24-May,20200524097,26020
24-May,20200524096,26022
24-May,20200524095,26026
24-May,20200524094,26013
24-May,20200524093,26037
24-May,20200524092,26059
24-May,20200524091,26065
24-May,20200524090,26079
24-May,20200524089,26074
24-May,20200524088,26072
24-May,20200524087,26085
24-May,20200524086,26094
24-May,20200524085,26092
24-May,20200524084,26094
24-May,20200524083,26090
24-May,20200524082,26087
24-May,20200524081,26078
24-May,20200524080,26064
24-May,20200524079,26060
24-May,20200524078,26066
24-May,20200524077,26078
24-May,20200524076,26071
24-May,20200524075,26080
24-May,20200524074,26077
24-May,20200524073,26073
24-May,20200524072,26072
24-May,20200524071,26082
24-May,20200524070,26071
24-May,20200524069,26068
24-May,20200524068,26062
24-May,20200524067,26056
24-May,20200524066,26054
24-May,20200524065,26047
24-May,20200524064,26045
24-May,20200524063,26032
24-May,20200524062,26019
24-May,20200524061,26023
24-May,20200524060,26033
24-May,20200524059,26025
24-May,20200524058,26034
24-May,20200524057,26043
24-May,20200524056,26052
24-May,20200524055,26056
24-May,20200524054,26054
24-May,20200524053,26067
24-May,20200524052,26050
24-May,20200524051,26039
24-May,20200524050,26052
24-May,20200524049,26059
24-May,20200524048,26057
24-May,20200524047,26042
24-May,20200524046,26034
24-May,20200524045,26027
24-May,20200524044,26038
24-May,20200524043,26042
24-May,20200524042,26052
24-May,20200524041,26056
24-May,20200524040,26057
24-May,20200524039,26064
24-May,20200524038,26074
24-May,20200524037,26097
24-May,20200524036,26104
24-May,20200524035,26099
24-May,20200524034,26098
24-May,20200524033,26101
24-May,20200524032,26108
24-May,20200524031,26110
24-May,20200524030,26102
24-May,20200524029,26106
24-May,20200524028,26122
24-May,20200524027,26116
24-May,20200524026,26101
24-May,20200524025,26096
24-May,20200524024,26096
24-May,20200524023,26102
24-May,20200524022,26112
24-May,20200524021,26122
24-May,20200524020,26112
24-May,20200524019,26100
24-May,20200524018,26108
24-May,20200524017,26112
24-May,20200524016,26113
24-May,20200524015,26109
24-May,20200524014,26110
24-May,20200524013,26103
24-May,20200524012,26092
24-May,20200524011,26095
24-May,20200524010,26095
24-May,20200524009,26101
24-May,20200524008,26090
24-May,20200524007,26094
24-May,20200524006,26094
24-May,20200524005,26092
24-May,20200524004,26090
24-May,20200524003,26102
24-May,20200524002,26106
24-May,20200524001,26114
25-May,20200525480,26414
25-May,20200525479,26408
25-May,20200525478,26400
25-May,20200525477,26381
25-May,20200525476,26376
25-May,20200525475,26391
25-May,20200525474,26380
25-May,20200525473,26368
25-May,20200525472,26372
25-May,20200525471,26386
25-May,20200525470,26380
25-May,20200525469,26368
25-May,20200525468,26366
25-May,20200525467,26367
25-May,20200525466,26379
25-May,20200525465,26370
25-May,20200525464,26373
25-May,20200525463,26361
25-May,20200525462,26373
25-May,20200525461,26375
25-May,20200525460,26376
25-May,20200525459,26381
25-May,20200525458,26381
25-May,20200525457,26372
25-May,20200525456,26375
25-May,20200525455,26366
25-May,20200525454,26363
25-May,20200525453,26354
25-May,20200525452,26353
25-May,20200525451,26348
25-May,20200525450,26344
25-May,20200525449,26355
25-May,20200525448,26350
25-May,20200525447,26363
25-May,20200525446,26369
25-May,20200525445,26371
25-May,20200525444,26387
25-May,20200525443,26386
25-May,20200525442,26377
25-May,20200525441,26378
25-May,20200525440,26372
25-May,20200525439,26350
25-May,20200525438,26355
25-May,20200525437,26378
25-May,20200525436,26385
25-May,20200525435,26382
25-May,20200525434,26381
25-May,20200525433,26375
25-May,20200525432,26369
25-May,20200525431,26360
25-May,20200525430,26365
25-May,20200525429,26364
25-May,20200525428,26373
25-May,20200525427,26376
25-May,20200525426,26378
25-May,20200525425,26360
25-May,20200525424,26363
25-May,20200525423,26361
25-May,20200525422,26363
25-May,20200525421,26377
25-May,20200525420,26384
25-May,20200525419,26385
25-May,20200525418,26388
25-May,20200525417,26393
25-May,20200525416,26398
25-May,20200525415,26380
25-May,20200525414,26370
25-May,20200525413,26371
25-May,20200525412,26362
25-May,20200525411,26362
25-May,20200525410,26350
25-May,20200525409,26354
25-May,20200525408,26353
25-May,20200525407,26354
25-May,20200525406,26357
25-May,20200525405,26368
25-May,20200525404,26368
25-May,20200525403,26373
25-May,20200525402,26383
25-May,20200525401,26384
25-May,20200525400,26383
25-May,20200525399,26361
25-May,20200525398,26349
25-May,20200525397,26351
25-May,20200525396,26337
25-May,20200525395,26333
25-May,20200525394,26347
25-May,20200525393,26355
25-May,20200525392,26363
25-May,20200525391,26378
25-May,20200525390,26378
25-May,20200525389,26368
25-May,20200525388,26366
25-May,20200525387,26377
25-May,20200525386,26372
25-May,20200525385,26376
25-May,20200525384,26387
25-May,20200525383,26384
25-May,20200525382,26398
25-May,20200525381,26401
25-May,20200525380,26402
25-May,20200525379,26395
25-May,20200525378,26395
25-May,20200525377,26388
25-May,20200525376,26384
25-May,20200525375,26389
25-May,20200525374,26397
25-May,20200525373,26395
25-May,20200525372,26384
25-May,20200525371,26383
25-May,20200525370,26361
25-May,20200525369,26340
25-May,20200525368,26321
25-May,20200525367,26312
25-May,20200525366,26305
25-May,20200525365,26309
25-May,20200525364,26311
25-May,20200525363,26317
25-May,20200525362,26328
25-May,20200525361,26322
25-May,20200525360,26315
25-May,20200525359,26324
25-May,20200525358,26313
25-May,20200525357,26321
25-May,20200525356,26336
25-May,20200525355,26323
25-May,20200525354,26301
25-May,20200525353,26304
25-May,20200525352,26291
25-May,20200525351,26293
25-May,20200525350,26292
25-May,20200525349,26295
25-May,20200525348,26313
25-May,20200525347,26322
25-May,20200525346,26327
25-May,20200525345,26321
25-May,20200525344,26315
25-May,20200525343,26322
25-May,20200525342,26311
25-May,20200525341,26309
25-May,20200525340,26301
25-May,20200525339,26308
25-May,20200525338,26314
25-May,20200525337,26322
25-May,20200525336,26327
25-May,20200525335,26336
25-May,20200525334,26335
25-May,20200525333,26332
25-May,20200525332,26322
25-May,20200525331,26320
25-May,20200525330,26320
25-May,20200525329,26329
25-May,20200525328,26327
25-May,20200525327,26328
25-May,20200525326,26333
25-May,20200525325,26342
25-May,20200525324,26332
25-May,20200525323,26328
25-May,20200525322,26321
25-May,20200525321,26322
25-May,20200525320,26326
25-May,20200525319,26317
25-May,20200525318,26312
25-May,20200525317,26325
25-May,20200525316,26323
25-May,20200525315,26317
25-May,20200525314,26314
25-May,20200525313,26322
25-May,20200525312,26320
25-May,20200525311,26311
25-May,20200525310,26317
25-May,20200525309,26319
25-May,20200525308,26327
25-May,20200525307,26346
25-May,20200525306,26331
25-May,20200525305,26322
25-May,20200525304,26323
25-May,20200525303,26322
25-May,20200525302,26330
25-May,20200525301,26343
25-May,20200525300,26322
25-May,20200525299,26338
25-May,20200525298,26336
25-May,20200525297,26336
25-May,20200525296,26348
25-May,20200525295,26348
25-May,20200525294,26348
25-May,20200525293,26360
25-May,20200525292,26359
25-May,20200525291,26364
25-May,20200525290,26369
25-May,20200525289,26371
25-May,20200525288,26371
25-May,20200525287,26378
25-May,20200525286,26373
25-May,20200525285,26365
25-May,20200525284,26380
25-May,20200525283,26373
25-May,20200525282,26374
25-May,20200525281,26373
25-May,20200525280,26386
25-May,20200525279,26370
25-May,20200525278,26367
25-May,20200525277,26364
25-May,20200525276,26361
25-May,20200525275,26368
25-May,20200525274,26355
25-May,20200525273,26356
25-May,20200525272,26364
25-May,20200525271,26364
25-May,20200525270,26356
25-May,20200525269,26358
25-May,20200525268,26379
25-May,20200525267,26371
25-May,20200525266,26355
25-May,20200525265,26356
25-May,20200525264,26354
25-May,20200525263,26365
25-May,20200525262,26352
25-May,20200525261,26368
25-May,20200525260,26369
25-May,20200525259,26367
25-May,20200525258,26364
25-May,20200525257,26360
25-May,20200525256,26347
25-May,20200525255,26350
25-May,20200525254,26352
25-May,20200525253,26356
25-May,20200525252,26350
25-May,20200525251,26342
25-May,20200525250,26331
25-May,20200525249,26331
25-May,20200525248,26317
25-May,20200525247,26317
25-May,20200525246,26300
25-May,20200525245,26301
25-May,20200525244,26309
25-May,20200525243,26309
25-May,20200525242,26301
25-May,20200525241,26319
25-May,20200525240,26315
25-May,20200525239,26318
25-May,20200525238,26313
25-May,20200525237,26322
25-May,20200525236,26313
25-May,20200525235,26315
25-May,20200525234,26307
25-May,20200525233,26302
25-May,20200525232,26300
25-May,20200525231,26292
25-May,20200525230,26280
25-May,20200525229,26293
25-May,20200525228,26289
25-May,20200525227,26280
25-May,20200525226,26279
25-May,20200525225,26267
25-May,20200525224,26255
25-May,20200525223,26237
25-May,20200525222,26220
25-May,20200525221,26200
25-May,20200525220,26201
25-May,20200525219,26200
25-May,20200525218,26181
25-May,20200525217,26180
25-May,20200525216,26171
25-May,20200525215,26187
25-May,20200525214,26183
25-May,20200525213,26188
25-May,20200525212,26186
25-May,20200525211,26183
25-May,20200525210,26195
25-May,20200525209,26189
25-May,20200525208,26174
25-May,20200525207,26188
25-May,20200525206,26197
25-May,20200525205,26192
25-May,20200525204,26202
25-May,20200525203,26219
25-May,20200525202,26227
25-May,20200525201,26220
25-May,20200525200,26227
25-May,20200525199,26218
25-May,20200525198,26233
25-May,20200525197,26248
25-May,20200525196,26250
25-May,20200525195,26245
25-May,20200525194,26240
25-May,20200525193,26231
25-May,20200525192,26225
25-May,20200525191,26238
25-May,20200525190,26245
25-May,20200525189,26245
25-May,20200525188,26242
25-May,20200525187,26240
25-May,20200525186,26259
25-May,20200525185,26248
25-May,20200525184,26243
25-May,20200525183,26243
25-May,20200525182,26227
25-May,20200525181,26229
25-May,20200525180,26225
25-May,20200525179,26230
25-May,20200525178,26221
25-May,20200525177,26226
25-May,20200525176,26242
25-May,20200525175,26230
25-May,20200525174,26236
25-May,20200525173,26234
25-May,20200525172,26235
25-May,20200525171,26220
25-May,20200525170,26219
25-May,20200525169,26213
25-May,20200525168,26207
25-May,20200525167,26199
25-May,20200525166,26198
25-May,20200525165,26214
25-May,20200525164,26201
25-May,20200525163,26200
25-May,20200525162,26190
25-May,20200525161,26181
25-May,20200525160,26184
25-May,20200525159,26205
25-May,20200525158,26192
25-May,20200525157,26199
25-May,20200525156,26193
25-May,20200525155,26181
25-May,20200525154,26167
25-May,20200525153,26187
25-May,20200525152,26191
25-May,20200525151,26190
25-May,20200525150,26180
25-May,20200525149,26171
25-May,20200525148,26182
25-May,20200525147,26187
25-May,20200525146,26180
25-May,20200525145,26179
25-May,20200525144,26172
25-May,20200525143,26167
25-May,20200525142,26159
25-May,20200525141,26157
25-May,20200525140,26140
25-May,20200525139,26130
25-May,20200525138,26129
25-May,20200525137,26122
25-May,20200525136,26132
25-May,20200525135,26112
25-May,20200525134,26118
25-May,20200525133,26123
25-May,20200525132,26139
25-May,20200525131,26137
25-May,20200525130,26131
25-May,20200525129,26113
25-May,20200525128,26096
25-May,20200525127,26091
25-May,20200525126,26095
25-May,20200525125,26090
25-May,20200525124,26083
25-May,20200525123,26081
25-May,20200525122,26060
25-May,20200525121,26043
25-May,20200525120,26049
25-May,20200525119,26041
25-May,20200525118,26049
25-May,20200525117,26041
25-May,20200525116,26037
25-May,20200525115,26048
25-May,20200525114,26045
25-May,20200525113,26037
25-May,20200525112,26044
25-May,20200525111,26051
25-May,20200525110,26032
25-May,20200525109,26010
25-May,20200525108,26025
25-May,20200525107,26027
25-May,20200525106,26026
25-May,20200525105,26029
25-May,20200525104,26035
25-May,20200525103,26042
25-May,20200525102,26021
25-May,20200525101,26017
25-May,20200525100,26005
25-May,20200525099,26013
25-May,20200525098,26029
25-May,20200525097,26036
25-May,20200525096,26043
25-May,20200525095,26045
25-May,20200525094,26051
25-May,20200525093,26056
25-May,20200525092,26059
25-May,20200525091,26063
25-May,20200525090,26057
25-May,20200525089,26067
25-May,20200525088,26087
25-May,20200525087,26091
25-May,20200525086,26091
25-May,20200525085,26088
25-May,20200525084,26097
25-May,20200525083,26116
25-May,20200525082,26131
25-May,20200525081,26121
25-May,20200525080,26128
25-May,20200525079,26149
25-May,20200525078,26149
25-May,20200525077,26136
25-May,20200525076,26143
25-May,20200525075,26147
25-May,20200525074,26155
25-May,20200525073,26151
25-May,20200525072,26136
25-May,20200525071,26129
25-May,20200525070,26136
25-May,20200525069,26138
25-May,20200525068,26122
25-May,20200525067,26138
25-May,20200525066,26131
25-May,20200525065,26131
25-May,20200525064,26111
25-May,20200525063,26101
25-May,20200525062,26103
25-May,20200525061,26114
25-May,20200525060,26111
25-May,20200525059,26117
25-May,20200525058,26115
25-May,20200525057,26116
25-May,20200525056,26119
25-May,20200525055,26120
25-May,20200525054,26111
25-May,20200525053,26107
25-May,20200525052,26119
25-May,20200525051,26118
25-May,20200525050,26122
25-May,20200525049,26135
25-May,20200525048,26146
25-May,20200525047,26146
25-May,20200525046,26124
25-May,20200525045,26119
25-May,20200525044,26123
25-May,20200525043,26115
25-May,20200525042,26103
25-May,20200525041,26101
25-May,20200525040,26088
25-May,20200525039,26084
25-May,20200525038,26072
25-May,20200525037,26072
25-May,20200525036,26063
25-May,20200525035,26048
25-May,20200525034,26049
25-May,20200525033,26042
25-May,20200525032,26047
25-May,20200525031,26054
25-May,20200525030,26044
25-May,20200525029,26058
25-May,20200525028,26046
25-May,20200525027,26049
25-May,20200525026,26052
25-May,20200525025,26046
25-May,20200525024,26054
25-May,20200525023,26062
25-May,20200525022,26041
25-May,20200525021,26038
25-May,20200525020,26025
25-May,20200525019,26025
25-May,20200525018,26024
25-May,20200525017,26022
25-May,20200525016,26025
25-May,20200525015,26038
25-May,20200525014,26020
25-May,20200525013,26028
25-May,20200525012,26034
25-May,20200525011,26033
25-May,20200525010,26033
25-May,20200525009,26026
25-May,20200525008,26013
25-May,20200525007,26014
25-May,20200525006,26002
25-May,20200525005,25996
25-May,20200525004,25975
25-May,20200525003,25988
25-May,20200525002,26001
25-May,20200525001,26008
26-May,20200526022,26428
26-May,20200526021,26442
26-May,20200526020,26453
26-May,20200526019,26431
26-May,20200526018,26423
26-May,20200526017,26438
26-May,20200526016,26430
26-May,20200526015,26420
26-May,20200526014,26400
26-May,20200526013,26416
26-May,20200526012,26428
26-May,20200526011,26434
26-May,20200526010,26423
26-May,20200526009,26426
26-May,20200526008,26433
26-May,20200526007,26444
26-May,20200526006,26442
26-May,20200526005,26444
26-May,20200526004,26450
26-May,20200526003,26450
26-May,20200526002,26430
26-May,20200526001,26418
